timestamp,hours_from_start,breach_flow_cfs,breach_velocity_fts,breach_width_ft,breach_bottom_elev_ft
04SEP2026 00:00:00,-0.0,nan,nan,nan,nan
04SEP2026 00:01:00,0.0168,12861.486,16.571,10.569,170.0
04SEP2026 00:02:00,0.0336,19774.391,16.369,21.502,170.0
04SEP2026 00:03:00,0.0504,26038.025,16.152,32.436,170.0
04SEP2026 00:04:00,0.0672,31745.412,15.93,43.369,170.0
04SEP2026 00:05:00,0.084,37025.613,15.705,54.302,170.0
04SEP2026 00:06:00,0.1008,41392.34,15.504,65.235,170.0
04SEP2026 00:07:00,0.1176,45302.961,15.308,76.169,170.0
04SEP2026 00:08:00,0.1344,48774.324,15.118,87.102,170.0
04SEP2026 00:09:00,0.1512,52021.238,14.929,98.036,170.0
04SEP2026 00:10:00,0.1656,55139.625,14.743,108.969,170.0
04SEP2026 00:11:00,0.1824,57981.816,14.56,119.903,170.0
04SEP2026 00:12:00,0.1992,60687.293,14.379,130.836,170.0
04SEP2026 00:13:00,0.21599999999999997,62953.555,14.204,141.77,170.0
04SEP2026 00:14:00,0.2328,64845.973,14.035,152.703,170.0
04SEP2026 00:15:00,0.2496,66470.703,13.87,163.636,170.0
04SEP2026 00:16:00,0.2664,67908.445,13.71,174.57,170.0
04SEP2026 00:17:00,0.2832,67601.133,13.552,185.503,170.0
04SEP2026 00:18:00,0.30000000000000004,67157.617,13.398,196.436,170.0
04SEP2026 00:19:00,0.31679999999999997,66808.07,13.253,207.369,170.0
04SEP2026 00:20:00,0.3336,66446.414,13.106,218.303,170.0
04SEP2026 00:21:00,0.3504,66068.0,12.963,229.236,170.0
04SEP2026 00:22:00,0.36719999999999997,65609.688,12.824,240.169,170.0
04SEP2026 00:23:00,0.384,65065.184,12.689,251.102,170.0
04SEP2026 00:24:00,0.4008,64514.27,12.557,262.035,170.0
04SEP2026 00:25:00,0.41759999999999997,63958.273,12.427,272.969,170.0
04SEP2026 00:26:00,0.4344,63426.328,12.301,283.902,170.0
04SEP2026 00:27:00,0.44880000000000003,62903.848,12.177,294.835,170.0
04SEP2026 00:28:00,0.4656,82892.992,12.24,305.768,170.0
04SEP2026 00:29:00,0.4824,82919.172,12.118,316.702,170.0
04SEP2026 00:30:00,0.4992,82040.18,12.0,327.635,170.0
04SEP2026 00:31:00,0.516,79808.195,11.889,328.0,170.0
04SEP2026 00:32:00,0.5328,77627.469,11.78,328.0,170.0
04SEP2026 00:33:00,0.5496,75532.711,11.673,328.0,170.0
04SEP2026 00:34:00,0.5664,73519.328,11.569,328.0,170.0
04SEP2026 00:35:00,0.5831999999999999,71582.969,11.467,328.0,170.0
04SEP2026 00:36:00,0.6000000000000001,69719.625,11.367,328.0,170.0
04SEP2026 00:37:00,0.6168,67925.523,11.269,328.0,170.0
04SEP2026 00:38:00,0.6335999999999999,66197.281,11.173,328.0,170.0
04SEP2026 00:39:00,0.6504,64531.488,11.079,328.0,170.0
04SEP2026 00:40:00,0.6672,62925.203,10.987,328.0,170.0
04SEP2026 00:41:00,0.684,61375.516,10.896,328.0,170.0
04SEP2026 00:42:00,0.7008,59879.691,10.808,328.0,170.0
04SEP2026 00:43:00,0.7176,58435.332,10.72,328.0,170.0
04SEP2026 00:44:00,0.7343999999999999,57040.023,10.635,328.0,170.0
04SEP2026 00:45:00,0.7487999999999999,55691.512,10.551,328.0,170.0
04SEP2026 00:46:00,0.7656,54387.777,10.469,328.0,170.0
04SEP2026 00:47:00,0.7824,53126.781,10.387,328.0,170.0
04SEP2026 00:48:00,0.7992000000000001,51906.637,10.308,328.0,170.0
04SEP2026 00:49:00,0.8160000000000001,50725.707,10.23,328.0,170.0
04SEP2026 00:50:00,0.8328,49582.203,10.153,328.0,170.0
04SEP2026 00:51:00,0.8496,48474.613,10.077,328.0,170.0
04SEP2026 00:52:00,0.8664000000000001,47401.402,10.003,328.0,170.0
04SEP2026 00:53:00,0.8832,46361.18,9.93,328.0,170.0
04SEP2026 00:54:00,0.8999999999999999,45352.578,9.858,328.0,170.0
04SEP2026 00:55:00,0.9168,44374.359,9.787,328.0,170.0
04SEP2026 00:56:00,0.9336,43425.211,9.717,328.0,170.0
04SEP2026 00:57:00,0.9504000000000001,42504.02,9.648,328.0,170.0
04SEP2026 00:58:00,0.9672000000000001,41609.652,9.581,328.0,170.0
04SEP2026 00:59:00,0.984,40741.18,9.514,328.0,170.0
04SEP2026 01:00:00,1.0008,39897.535,9.449,328.0,170.0
04SEP2026 01:01:00,1.0176,39077.738,9.384,328.0,170.0
04SEP2026 01:02:00,1.0344,38280.922,9.321,328.0,170.0
04SEP2026 01:03:00,1.0488,37506.328,9.258,328.0,170.0
04SEP2026 01:04:00,1.0656,36753.074,9.196,328.0,170.0
04SEP2026 01:05:00,1.0824,36020.449,9.135,328.0,170.0
04SEP2026 01:06:00,1.0992,35307.773,9.075,328.0,170.0
04SEP2026 01:07:00,1.116,34614.309,9.016,328.0,170.0
04SEP2026 01:08:00,1.1328,33939.34,8.958,328.0,170.0
04SEP2026 01:09:00,1.1496,33282.371,8.9,328.0,170.0
04SEP2026 01:10:00,1.1663999999999999,32642.697,8.844,328.0,170.0
04SEP2026 01:11:00,1.1831999999999998,32019.766,8.788,328.0,170.0
04SEP2026 01:12:00,1.2000000000000002,31413.053,8.733,328.0,170.0
04SEP2026 01:13:00,1.2168,30821.955,8.678,328.0,170.0
04SEP2026 01:14:00,1.2336,30246.018,8.625,328.0,170.0
04SEP2026 01:15:00,1.2504,29684.748,8.572,328.0,170.0
04SEP2026 01:16:00,1.2671999999999999,29137.639,8.519,328.0,170.0
04SEP2026 01:17:00,1.284,28604.264,8.468,328.0,170.0
04SEP2026 01:18:00,1.3008,28084.188,8.417,328.0,170.0
04SEP2026 01:19:00,1.3175999999999999,27576.906,8.367,328.0,170.0
04SEP2026 01:20:00,1.3344,27082.125,8.317,328.0,170.0
04SEP2026 01:21:00,1.3512,26599.445,8.268,328.0,170.0
04SEP2026 01:22:00,1.3656,26128.43,8.22,328.0,170.0
04SEP2026 01:23:00,1.3824,25668.75,8.172,328.0,170.0
04SEP2026 01:24:00,1.3992,25220.098,8.125,328.0,170.0
04SEP2026 01:25:00,1.416,24782.094,8.079,328.0,170.0
04SEP2026 01:26:00,1.4328,24354.387,8.033,328.0,170.0
04SEP2026 01:27:00,1.4496,23936.727,7.987,328.0,170.0
04SEP2026 01:28:00,1.4664000000000001,23528.84,7.943,328.0,170.0
04SEP2026 01:29:00,1.4832,23130.381,7.898,328.0,170.0
04SEP2026 01:30:00,1.5,22741.039,7.855,328.0,170.0
04SEP2026 01:31:00,1.5168000000000001,22360.623,7.811,328.0,170.0
04SEP2026 01:32:00,1.5335999999999999,21988.861,7.769,328.0,170.0
04SEP2026 01:33:00,1.5504000000000002,21625.477,7.727,328.0,170.0
04SEP2026 01:34:00,1.5672,21270.199,7.685,328.0,170.0
04SEP2026 01:35:00,1.584,20922.898,7.644,328.0,170.0
04SEP2026 01:36:00,1.6008,20583.248,7.603,328.0,170.0
04SEP2026 01:37:00,1.6176,20251.119,7.563,328.0,170.0
04SEP2026 01:38:00,1.6343999999999999,19926.205,7.523,328.0,170.0
04SEP2026 01:39:00,1.6512,19608.375,7.484,328.0,170.0
04SEP2026 01:40:00,1.6656,19297.445,7.445,328.0,170.0
04SEP2026 01:41:00,1.6824,18993.164,7.407,328.0,170.0
04SEP2026 01:42:00,1.6992,18695.422,7.369,328.0,170.0
04SEP2026 01:43:00,1.7159999999999997,18403.988,7.331,328.0,170.0
04SEP2026 01:44:00,1.7328000000000001,18118.678,7.294,328.0,170.0
04SEP2026 01:45:00,1.7496,17839.381,7.258,328.0,170.0
04SEP2026 01:46:00,1.7664,17565.928,7.221,328.0,170.0
04SEP2026 01:47:00,1.7832000000000001,17298.16,7.185,328.0,170.0
04SEP2026 01:48:00,1.7999999999999998,17035.902,7.15,328.0,170.0
04SEP2026 01:49:00,1.8168000000000002,16779.045,7.115,328.0,170.0
04SEP2026 01:50:00,1.8336,16527.389,7.08,328.0,170.0
04SEP2026 01:51:00,1.8504,16280.876,7.046,328.0,170.0
04SEP2026 01:52:00,1.8672,16039.348,7.012,328.0,170.0
04SEP2026 01:53:00,1.884,15802.652,6.978,328.0,170.0
04SEP2026 01:54:00,1.9008000000000003,15570.703,6.945,328.0,170.0
04SEP2026 01:55:00,1.9176,15343.333,6.912,328.0,170.0
04SEP2026 01:56:00,1.9344000000000001,15120.463,6.88,328.0,170.0
04SEP2026 01:57:00,1.9512,14901.988,6.848,328.0,170.0
04SEP2026 01:58:00,1.9656,14687.77,6.816,328.0,170.0
04SEP2026 01:59:00,1.9824000000000002,14477.719,6.784,328.0,170.0
04SEP2026 02:00:00,1.9992,14271.739,6.753,328.0,170.0
04SEP2026 02:01:00,2.016,14069.698,6.722,328.0,170.0
04SEP2026 02:02:00,2.0328,13871.562,6.692,328.0,170.0
04SEP2026 02:03:00,2.0496,13677.143,6.661,328.0,170.0
04SEP2026 02:04:00,2.0664,13486.446,6.631,328.0,170.0
04SEP2026 02:05:00,2.0832,13299.351,6.602,328.0,170.0
04SEP2026 02:06:00,2.0999999999999996,13115.775,6.573,328.0,170.0
04SEP2026 02:07:00,2.1168,12935.589,6.544,328.0,170.0
04SEP2026 02:08:00,2.1336000000000004,12758.76,6.515,328.0,170.0
04SEP2026 02:09:00,2.1504,12585.206,6.486,328.0,170.0
04SEP2026 02:10:00,2.1672000000000002,12414.858,6.458,328.0,170.0
04SEP2026 02:11:00,2.184,12247.634,6.43,328.0,170.0
04SEP2026 02:12:00,2.2008,12083.415,6.403,328.0,170.0
04SEP2026 02:13:00,2.2176,11922.212,6.376,328.0,170.0
04SEP2026 02:14:00,2.2344,11763.918,6.348,328.0,170.0
04SEP2026 02:15:00,2.2512,11608.409,6.322,328.0,170.0
04SEP2026 02:16:00,2.2656,11455.75,6.295,328.0,170.0
04SEP2026 02:17:00,2.2824,11305.736,6.269,328.0,170.0
04SEP2026 02:18:00,2.2992,11158.434,6.243,328.0,170.0
04SEP2026 02:19:00,2.316,11013.728,6.217,328.0,170.0
04SEP2026 02:20:00,2.3327999999999998,10871.504,6.192,328.0,170.0
04SEP2026 02:21:00,2.3496,10731.788,6.166,328.0,170.0
04SEP2026 02:22:00,2.3663999999999996,10594.511,6.141,328.0,170.0
04SEP2026 02:23:00,2.3832,10459.612,6.117,328.0,170.0
04SEP2026 02:24:00,2.4000000000000004,10327.024,6.092,328.0,170.0
04SEP2026 02:25:00,2.4168,10196.724,6.068,328.0,170.0
04SEP2026 02:26:00,2.4336,10068.651,6.044,328.0,170.0
04SEP2026 02:27:00,2.4504,9942.743,6.02,328.0,170.0
04SEP2026 02:28:00,2.4672,9818.939,5.996,328.0,170.0
04SEP2026 02:29:00,2.484,9697.265,5.973,328.0,170.0
04SEP2026 02:30:00,2.5008,9577.61,5.95,328.0,170.0
04SEP2026 02:31:00,2.5176,9459.922,5.927,328.0,170.0
04SEP2026 02:32:00,2.5343999999999998,9344.227,5.904,328.0,170.0
04SEP2026 02:33:00,2.5512,9230.461,5.881,328.0,170.0
04SEP2026 02:34:00,2.5656,9118.525,5.859,328.0,170.0
04SEP2026 02:35:00,2.5824,9008.447,5.837,328.0,170.0
04SEP2026 02:36:00,2.5991999999999997,8900.171,5.815,328.0,170.0
04SEP2026 02:37:00,2.616,8793.641,5.793,328.0,170.0
04SEP2026 02:38:00,2.6328,8688.837,5.772,328.0,170.0
04SEP2026 02:39:00,2.6496,8585.75,5.751,328.0,170.0
04SEP2026 02:40:00,2.6664000000000003,8484.286,5.729,328.0,170.0
04SEP2026 02:41:00,2.6832,8384.464,5.709,328.0,170.0
04SEP2026 02:42:00,2.7,8286.238,5.688,328.0,170.0
04SEP2026 02:43:00,2.7168,8189.552,5.667,328.0,170.0
04SEP2026 02:44:00,2.7336,8094.435,5.647,328.0,170.0
04SEP2026 02:45:00,2.7504,8000.752,5.627,328.0,170.0
04SEP2026 02:46:00,2.7672,7908.572,5.607,328.0,170.0
04SEP2026 02:47:00,2.7840000000000003,7817.845,5.587,328.0,170.0
04SEP2026 02:48:00,2.8007999999999997,7728.518,5.567,328.0,170.0
04SEP2026 02:49:00,2.8176,7640.539,5.548,328.0,170.0
04SEP2026 02:50:00,2.8344,7553.943,5.528,328.0,170.0
04SEP2026 02:51:00,2.8512,7468.673,5.509,328.0,170.0
04SEP2026 02:52:00,2.8656,7384.724,5.49,328.0,170.0
04SEP2026 02:53:00,2.8824,7302.043,5.472,328.0,170.0
04SEP2026 02:54:00,2.8992,7220.622,5.453,328.0,170.0
04SEP2026 02:55:00,2.916,7140.408,5.435,328.0,170.0
04SEP2026 02:56:00,2.9328000000000003,7061.437,5.416,328.0,170.0
04SEP2026 02:57:00,2.9495999999999998,6983.623,5.398,328.0,170.0
04SEP2026 02:58:00,2.9664,6906.989,5.38,328.0,170.0
04SEP2026 02:59:00,2.9832,6831.494,5.362,328.0,170.0
04SEP2026 03:00:00,3.0,6757.089,5.345,328.0,170.0
04SEP2026 03:01:00,3.0168,6683.804,5.327,328.0,170.0
04SEP2026 03:02:00,3.0336000000000003,6611.629,5.31,328.0,170.0
04SEP2026 03:03:00,3.0504,6540.48,5.293,328.0,170.0
04SEP2026 03:04:00,3.0671999999999997,6470.355,5.276,328.0,170.0
04SEP2026 03:05:00,3.084,6401.279,5.259,328.0,170.0
04SEP2026 03:06:00,3.1008000000000004,6333.173,5.242,328.0,170.0
04SEP2026 03:07:00,3.1175999999999995,6266.101,5.225,328.0,170.0
04SEP2026 03:08:00,3.1344,6199.944,5.209,328.0,170.0
04SEP2026 03:09:00,3.1512000000000002,6134.771,5.193,328.0,170.0
04SEP2026 03:10:00,3.1655999999999995,6070.501,5.177,328.0,170.0
04SEP2026 03:11:00,3.1824,6007.168,5.16,328.0,170.0
04SEP2026 03:12:00,3.1992000000000003,5944.723,5.145,328.0,170.0
04SEP2026 03:13:00,3.216,5883.159,5.129,328.0,170.0
04SEP2026 03:14:00,3.2327999999999997,5822.441,5.113,328.0,170.0
04SEP2026 03:15:00,3.2496,5762.627,5.098,328.0,170.0
04SEP2026 03:16:00,3.2664,5703.608,5.082,328.0,170.0
04SEP2026 03:17:00,3.2832,5645.414,5.067,328.0,170.0
04SEP2026 03:18:00,3.3000000000000003,5588.035,5.052,328.0,170.0
04SEP2026 03:19:00,3.3167999999999997,5531.468,5.037,328.0,170.0
04SEP2026 03:20:00,3.3335999999999997,5475.639,5.022,328.0,170.0
04SEP2026 03:21:00,3.3504,5420.609,5.008,328.0,170.0
04SEP2026 03:22:00,3.3672000000000004,5366.305,4.993,328.0,170.0
04SEP2026 03:23:00,3.3839999999999995,5312.757,4.979,328.0,170.0
04SEP2026 03:24:00,3.4008,5259.957,4.964,328.0,170.0
04SEP2026 03:25:00,3.4176,5207.834,4.95,328.0,170.0
04SEP2026 03:26:00,3.4344,5156.451,4.936,328.0,170.0
04SEP2026 03:27:00,3.4512,5105.733,4.922,328.0,170.0
04SEP2026 03:28:00,3.4656000000000002,5055.709,4.908,328.0,170.0
04SEP2026 03:29:00,3.4824,5006.345,4.895,328.0,170.0
04SEP2026 03:30:00,3.4992,4957.632,4.881,328.0,170.0
04SEP2026 03:31:00,3.516,4909.567,4.868,328.0,170.0
04SEP2026 03:32:00,3.5328,4862.146,4.854,328.0,170.0
04SEP2026 03:33:00,3.5496,4815.362,4.841,328.0,170.0
04SEP2026 03:34:00,3.5664000000000002,4769.183,4.828,328.0,170.0
04SEP2026 03:35:00,3.5831999999999997,4723.598,4.815,328.0,170.0
04SEP2026 03:36:00,3.5999999999999996,4678.609,4.802,328.0,170.0
04SEP2026 03:37:00,3.6168,4634.208,4.789,328.0,170.0
04SEP2026 03:38:00,3.6336000000000004,4590.394,4.777,328.0,170.0
04SEP2026 03:39:00,3.6504000000000003,4547.127,4.764,328.0,170.0
04SEP2026 03:40:00,3.6672,4504.406,4.752,328.0,170.0
04SEP2026 03:41:00,3.684,4462.261,4.739,328.0,170.0
04SEP2026 03:42:00,3.7008,4420.65,4.727,328.0,170.0
04SEP2026 03:43:00,3.7176,4379.546,4.715,328.0,170.0
04SEP2026 03:44:00,3.7344,4339.001,4.703,328.0,170.0
04SEP2026 03:45:00,3.7512,4298.954,4.691,328.0,170.0
04SEP2026 03:46:00,3.7656,4259.398,4.679,328.0,170.0
04SEP2026 03:47:00,3.7824,4220.363,4.668,328.0,170.0
04SEP2026 03:48:00,3.7992,4181.812,4.656,328.0,170.0
04SEP2026 03:49:00,3.816,4143.747,4.644,328.0,170.0
04SEP2026 03:50:00,3.8328,4106.126,4.633,328.0,170.0
04SEP2026 03:51:00,3.8495999999999997,4069.016,4.622,328.0,170.0
04SEP2026 03:52:00,3.8663999999999996,4032.316,4.611,328.0,170.0
04SEP2026 03:53:00,3.8832,3996.117,4.6,328.0,170.0
04SEP2026 03:54:00,3.9000000000000004,3960.324,4.589,328.0,170.0
04SEP2026 03:55:00,3.9168000000000003,3924.995,4.578,328.0,170.0
04SEP2026 03:56:00,3.9335999999999998,3890.097,4.567,328.0,170.0
04SEP2026 03:57:00,3.9504,3855.627,4.556,328.0,170.0
04SEP2026 03:58:00,3.9672,3821.583,4.546,328.0,170.0
04SEP2026 03:59:00,3.984,3787.929,4.535,328.0,170.0
04SEP2026 04:00:00,4.0008,3754.697,4.525,328.0,170.0
04SEP2026 04:01:00,4.0176,3721.853,4.514,328.0,170.0
04SEP2026 04:02:00,4.0344,3689.424,4.504,328.0,170.0
04SEP2026 04:03:00,4.0512,3657.377,4.494,328.0,170.0
04SEP2026 04:04:00,4.0656,3625.679,4.484,328.0,170.0
04SEP2026 04:05:00,4.0824,3594.391,4.474,328.0,170.0
04SEP2026 04:06:00,4.0992,3563.476,4.464,328.0,170.0
04SEP2026 04:07:00,4.1160000000000005,3532.905,4.454,328.0,170.0
04SEP2026 04:08:00,4.1328,3502.735,4.445,328.0,170.0
04SEP2026 04:09:00,4.1495999999999995,3472.875,4.435,328.0,170.0
04SEP2026 04:10:00,4.1664,3443.381,4.426,328.0,170.0
04SEP2026 04:11:00,4.1832,3414.25,4.416,328.0,170.0
04SEP2026 04:12:00,4.199999999999999,3385.451,4.407,328.0,170.0
04SEP2026 04:13:00,4.2168,3356.955,4.398,328.0,170.0
04SEP2026 04:14:00,4.2336,3328.816,4.389,328.0,170.0
04SEP2026 04:15:00,4.2504,3301.004,4.38,328.0,170.0
04SEP2026 04:16:00,4.267200000000001,3273.515,4.371,328.0,170.0
04SEP2026 04:17:00,4.284,3246.322,4.362,328.0,170.0
04SEP2026 04:18:00,4.3008,3219.449,4.353,328.0,170.0
04SEP2026 04:19:00,4.3176000000000005,3192.894,4.344,328.0,170.0
04SEP2026 04:20:00,4.3344000000000005,3166.629,4.336,328.0,170.0
04SEP2026 04:21:00,4.3511999999999995,3140.678,4.327,328.0,170.0
04SEP2026 04:22:00,4.365600000000001,3115.01,4.318,328.0,170.0
04SEP2026 04:23:00,4.3824000000000005,3089.629,4.31,328.0,170.0
04SEP2026 04:24:00,4.3991999999999996,3064.527,4.302,328.0,170.0
04SEP2026 04:25:00,4.416,3039.734,4.294,328.0,170.0
04SEP2026 04:26:00,4.4328,3015.191,4.285,328.0,170.0
04SEP2026 04:27:00,4.4496,2990.926,4.277,328.0,170.0
04SEP2026 04:28:00,4.4664,2966.933,4.269,328.0,170.0
04SEP2026 04:29:00,4.4832,2943.215,4.262,328.0,170.0
04SEP2026 04:30:00,4.5,2919.741,4.254,328.0,170.0
04SEP2026 04:31:00,4.5168,2896.538,4.246,328.0,170.0
04SEP2026 04:32:00,4.5336,2873.603,4.238,328.0,170.0
04SEP2026 04:33:00,4.5504,2850.908,4.231,328.0,170.0
04SEP2026 04:34:00,4.5672,2828.451,4.223,328.0,170.0
04SEP2026 04:35:00,4.584,2806.259,4.216,328.0,170.0
04SEP2026 04:36:00,4.6008000000000004,2784.303,4.208,328.0,170.0
04SEP2026 04:37:00,4.6175999999999995,2762.581,4.201,328.0,170.0
04SEP2026 04:38:00,4.634399999999999,2741.092,4.194,328.0,170.0
04SEP2026 04:39:00,4.6512,2719.859,4.187,328.0,170.0
04SEP2026 04:40:00,4.6655999999999995,2698.833,4.18,328.0,170.0
04SEP2026 04:41:00,4.6823999999999995,2678.034,4.173,328.0,170.0
04SEP2026 04:42:00,4.6992,2657.463,4.166,328.0,170.0
04SEP2026 04:43:00,4.716,2637.093,4.159,328.0,170.0
04SEP2026 04:44:00,4.732799999999999,2616.974,4.153,328.0,170.0
04SEP2026 04:45:00,4.7496,2597.052,4.146,328.0,170.0
04SEP2026 04:46:00,4.7664,2577.328,4.139,328.0,170.0
04SEP2026 04:47:00,4.7832,2557.825,4.133,328.0,170.0
04SEP2026 04:48:00,4.800000000000001,2538.542,4.126,328.0,170.0
04SEP2026 04:49:00,4.8168,2519.452,4.12,328.0,170.0
04SEP2026 04:50:00,4.8336,2500.554,4.114,328.0,170.0
04SEP2026 04:51:00,4.8504000000000005,2481.873,4.108,328.0,170.0
04SEP2026 04:52:00,4.8672,2463.356,4.102,328.0,170.0
04SEP2026 04:53:00,4.8839999999999995,2445.054,4.096,328.0,170.0
04SEP2026 04:54:00,4.9008,2426.94,4.09,328.0,170.0
04SEP2026 04:55:00,4.9176,2409.037,4.084,328.0,170.0
04SEP2026 04:56:00,4.9344,2391.295,4.078,328.0,170.0
04SEP2026 04:57:00,4.9512,2373.738,4.072,328.0,170.0
04SEP2026 04:58:00,4.9656,2356.364,4.066,328.0,170.0
04SEP2026 04:59:00,4.9824,2339.174,4.061,328.0,170.0
04SEP2026 05:00:00,4.9992,2322.14,4.055,328.0,170.0
04SEP2026 05:01:00,5.016,2305.312,4.05,328.0,170.0
04SEP2026 05:02:00,5.0328,2288.639,4.045,328.0,170.0
04SEP2026 05:03:00,5.0496,2272.121,4.039,328.0,170.0
04SEP2026 05:04:00,5.0664,2255.804,4.034,328.0,170.0
04SEP2026 05:05:00,5.0832,2239.64,4.029,328.0,170.0
04SEP2026 05:06:00,5.1,2223.629,4.024,328.0,170.0
04SEP2026 05:07:00,5.1168,2207.791,4.019,328.0,170.0
04SEP2026 05:08:00,5.1336,2192.104,4.014,328.0,170.0
04SEP2026 05:09:00,5.1504,2176.59,4.009,328.0,170.0
04SEP2026 05:10:00,5.167199999999999,2161.225,4.004,328.0,170.0
04SEP2026 05:11:00,5.184,2146.007,4.0,328.0,170.0
04SEP2026 05:12:00,5.2008,2130.959,3.995,328.0,170.0
04SEP2026 05:13:00,5.2176,2116.034,3.99,328.0,170.0
04SEP2026 05:14:00,5.2344,2101.278,3.986,328.0,170.0
04SEP2026 05:15:00,5.2512,2086.667,3.981,328.0,170.0
04SEP2026 05:16:00,5.2656,2072.198,3.977,328.0,170.0
04SEP2026 05:17:00,5.2824,2057.873,3.973,328.0,170.0
04SEP2026 05:18:00,5.2992,2043.713,3.969,328.0,170.0
04SEP2026 05:19:00,5.316,2029.67,3.965,328.0,170.0
04SEP2026 05:20:00,5.332800000000001,2015.747,3.961,328.0,170.0
04SEP2026 05:21:00,5.3496,2001.986,3.957,328.0,170.0
04SEP2026 05:22:00,5.3664,1988.364,3.953,328.0,170.0
04SEP2026 05:23:00,5.3832,1974.857,3.949,328.0,170.0
04SEP2026 05:24:00,5.4,1961.512,3.945,328.0,170.0
04SEP2026 05:25:00,5.4168,1948.28,3.941,328.0,170.0
04SEP2026 05:26:00,5.4336,1935.162,3.938,328.0,170.0
04SEP2026 05:27:00,5.4504,1922.18,3.934,328.0,170.0
04SEP2026 05:28:00,5.4672,1909.334,3.931,328.0,170.0
04SEP2026 05:29:00,5.484,1896.621,3.928,328.0,170.0
04SEP2026 05:30:00,5.5008,1884.018,3.924,328.0,170.0
04SEP2026 05:31:00,5.5176,1871.528,3.921,328.0,170.0
04SEP2026 05:32:00,5.5344,1859.17,3.918,328.0,170.0
04SEP2026 05:33:00,5.5512,1846.943,3.915,328.0,170.0
04SEP2026 05:34:00,5.5656,1834.825,3.912,328.0,170.0
04SEP2026 05:35:00,5.5824,1822.815,3.909,328.0,170.0
04SEP2026 05:36:00,5.5992,1810.914,3.906,328.0,170.0
04SEP2026 05:37:00,5.6160000000000005,1799.142,3.903,328.0,170.0
04SEP2026 05:38:00,5.6328,1787.476,3.901,328.0,170.0
04SEP2026 05:39:00,5.6495999999999995,1775.938,3.898,328.0,170.0
04SEP2026 05:40:00,5.6664,1764.506,3.895,328.0,170.0
04SEP2026 05:41:00,5.6832,1753.157,3.893,328.0,170.0
04SEP2026 05:42:00,5.699999999999999,1741.935,3.891,328.0,170.0
04SEP2026 05:43:00,5.7168,1730.816,3.888,328.0,170.0
04SEP2026 05:44:00,5.7336,1719.822,3.886,328.0,170.0
04SEP2026 05:45:00,5.7504,1708.911,3.884,328.0,170.0
04SEP2026 05:46:00,5.767200000000001,1698.102,3.882,328.0,170.0
04SEP2026 05:47:00,5.784,1687.415,3.88,328.0,170.0
04SEP2026 05:48:00,5.8008,1676.809,3.878,328.0,170.0
04SEP2026 05:49:00,5.8176000000000005,1666.305,3.876,328.0,170.0
04SEP2026 05:50:00,5.8344000000000005,1655.922,3.874,328.0,170.0
04SEP2026 05:51:00,5.8511999999999995,1645.618,3.873,328.0,170.0
04SEP2026 05:52:00,5.865600000000001,1635.414,3.871,328.0,170.0
04SEP2026 05:53:00,5.8824000000000005,1625.309,3.87,328.0,170.0
04SEP2026 05:54:00,5.8991999999999996,1615.282,3.868,328.0,170.0
04SEP2026 05:55:00,5.916,1605.373,3.867,328.0,170.0
04SEP2026 05:56:00,5.9328,1595.542,3.866,328.0,170.0
04SEP2026 05:57:00,5.9496,1585.808,3.864,328.0,170.0
04SEP2026 05:58:00,5.9664,1576.171,3.863,328.0,170.0
04SEP2026 05:59:00,5.9832,1566.61,3.862,328.0,170.0
04SEP2026 06:00:00,6.0,1557.146,3.861,328.0,170.0
04SEP2026 06:01:00,6.0168,1547.776,3.861,328.0,170.0
04SEP2026 06:02:00,6.0336,1538.501,3.86,328.0,170.0
04SEP2026 06:03:00,6.0504,1529.301,3.859,328.0,170.0
04SEP2026 06:04:00,6.067200000000001,1520.176,3.858,328.0,170.0
04SEP2026 06:05:00,6.084,1511.144,3.858,328.0,170.0
04SEP2026 06:06:00,6.1008,1502.206,3.858,328.0,170.0
04SEP2026 06:07:00,6.1176,1493.341,3.857,328.0,170.0
04SEP2026 06:08:00,6.134399999999999,1484.568,3.857,328.0,170.0
04SEP2026 06:09:00,6.151199999999999,1475.869,3.857,328.0,170.0
04SEP2026 06:10:00,6.1656,1467.241,3.857,328.0,170.0
04SEP2026 06:11:00,6.1823999999999995,1458.705,3.857,328.0,170.0
04SEP2026 06:12:00,6.199199999999999,1450.258,3.857,328.0,170.0
04SEP2026 06:13:00,6.216,1441.865,3.857,328.0,170.0
04SEP2026 06:14:00,6.232799999999999,1433.58,3.857,328.0,170.0
04SEP2026 06:15:00,6.249600000000001,1425.348,3.858,328.0,170.0
04SEP2026 06:16:00,6.2664,1417.205,3.858,328.0,170.0
04SEP2026 06:17:00,6.283199999999999,1409.131,3.859,328.0,170.0
04SEP2026 06:18:00,6.300000000000001,1401.128,3.86,328.0,170.0
04SEP2026 06:19:00,6.3168,1393.212,3.86,328.0,170.0
04SEP2026 06:20:00,6.333600000000001,1385.365,3.861,328.0,170.0
04SEP2026 06:21:00,6.3504000000000005,1377.588,3.862,328.0,170.0
04SEP2026 06:22:00,6.3671999999999995,1369.878,3.863,328.0,170.0
04SEP2026 06:23:00,6.384,1362.238,3.864,328.0,170.0
04SEP2026 06:24:00,6.4008,1354.683,3.866,328.0,170.0
04SEP2026 06:25:00,6.4176,1347.196,3.867,328.0,170.0
04SEP2026 06:26:00,6.4344,1339.776,3.868,328.0,170.0
04SEP2026 06:27:00,6.4512,1332.424,3.87,328.0,170.0
04SEP2026 06:28:00,6.465599999999999,1325.138,3.872,328.0,170.0
04SEP2026 06:29:00,6.4824,1317.918,3.873,328.0,170.0
04SEP2026 06:30:00,6.4992,1310.766,3.875,328.0,170.0
04SEP2026 06:31:00,6.516,1303.679,3.877,328.0,170.0
04SEP2026 06:32:00,6.5328,1296.657,3.879,328.0,170.0
04SEP2026 06:33:00,6.5496,1289.702,3.881,328.0,170.0
04SEP2026 06:34:00,6.5664,1282.829,3.884,328.0,170.0
04SEP2026 06:35:00,6.5832,1276.003,3.886,328.0,170.0
04SEP2026 06:36:00,6.6000000000000005,1269.242,3.889,328.0,170.0
04SEP2026 06:37:00,6.6168,1262.546,3.891,328.0,170.0
04SEP2026 06:38:00,6.6335999999999995,1255.914,3.894,328.0,170.0
04SEP2026 06:39:00,6.6504,1249.328,3.897,328.0,170.0
04SEP2026 06:40:00,6.667199999999999,1242.824,3.9,328.0,170.0
04SEP2026 06:41:00,6.684000000000001,1236.384,3.903,328.0,170.0
04SEP2026 06:42:00,6.7008,1229.989,3.906,328.0,170.0
04SEP2026 06:43:00,6.717599999999999,1223.657,3.909,328.0,170.0
04SEP2026 06:44:00,6.734400000000001,1217.389,3.913,328.0,170.0
04SEP2026 06:45:00,6.7512,1211.182,3.916,328.0,170.0
04SEP2026 06:46:00,6.765599999999999,1205.022,3.92,328.0,170.0
04SEP2026 06:47:00,6.782400000000001,1198.94,3.924,328.0,170.0
04SEP2026 06:48:00,6.7992,1192.903,3.928,328.0,170.0
04SEP2026 06:49:00,6.815999999999999,1186.929,3.932,328.0,170.0
04SEP2026 06:50:00,6.832800000000001,1180.999,3.936,328.0,170.0
04SEP2026 06:51:00,6.8496,1175.131,3.94,328.0,170.0
04SEP2026 06:52:00,6.8664000000000005,1169.324,3.945,328.0,170.0
04SEP2026 06:53:00,6.8832,1163.577,3.95,328.0,170.0
04SEP2026 06:54:00,6.8999999999999995,1157.876,3.954,328.0,170.0
04SEP2026 06:55:00,6.9168,1152.234,3.959,328.0,170.0
04SEP2026 06:56:00,6.9336,1146.638,3.964,328.0,170.0
04SEP2026 06:57:00,6.9504,1141.102,3.969,328.0,170.0
04SEP2026 06:58:00,6.9672,1135.625,3.974,328.0,170.0
04SEP2026 06:59:00,6.984,1130.193,3.98,328.0,170.0
04SEP2026 07:00:00,7.0008,1124.82,3.985,328.0,170.0
04SEP2026 07:01:00,7.0176,1119.507,3.991,328.0,170.0
04SEP2026 07:02:00,7.034400000000001,1114.237,3.997,328.0,170.0
04SEP2026 07:03:00,7.0512,1109.012,4.003,328.0,170.0
04SEP2026 07:04:00,7.0656,1103.845,4.009,328.0,170.0
04SEP2026 07:05:00,7.0824,1098.737,4.016,328.0,170.0
04SEP2026 07:06:00,7.0992,1093.673,4.022,328.0,170.0
04SEP2026 07:07:00,7.116,1088.652,4.029,328.0,170.0
04SEP2026 07:08:00,7.1328000000000005,1083.689,4.036,328.0,170.0
04SEP2026 07:09:00,7.1495999999999995,1078.77,4.043,328.0,170.0
04SEP2026 07:10:00,7.166399999999999,1073.91,4.05,328.0,170.0
04SEP2026 07:11:00,7.1832,1069.092,4.057,328.0,170.0
04SEP2026 07:12:00,7.199999999999999,1064.332,4.064,328.0,170.0
04SEP2026 07:13:00,7.216800000000001,1059.616,4.072,328.0,170.0
04SEP2026 07:14:00,7.2336,1054.943,4.08,328.0,170.0
04SEP2026 07:15:00,7.250399999999999,1050.327,4.088,328.0,170.0
04SEP2026 07:16:00,7.267200000000001,1045.755,4.096,328.0,170.0
04SEP2026 07:17:00,7.284,1041.226,4.105,328.0,170.0
04SEP2026 07:18:00,7.300800000000001,1036.753,4.113,328.0,170.0
04SEP2026 07:19:00,7.3176000000000005,1032.324,4.122,328.0,170.0
04SEP2026 07:20:00,7.3344,1027.952,4.131,328.0,170.0
04SEP2026 07:21:00,7.3512,1023.611,4.14,328.0,170.0
04SEP2026 07:22:00,7.365600000000001,1019.326,4.15,328.0,170.0
04SEP2026 07:23:00,7.3824,1015.096,4.159,328.0,170.0
04SEP2026 07:24:00,7.3992,1010.898,4.169,328.0,170.0
04SEP2026 07:25:00,7.416,1006.757,4.179,328.0,170.0
04SEP2026 07:26:00,7.432799999999999,1002.659,4.189,328.0,170.0
04SEP2026 07:27:00,7.4496,998.605,4.2,328.0,170.0
04SEP2026 07:28:00,7.4664,994.594,4.211,328.0,170.0
04SEP2026 07:29:00,7.4832,990.641,4.222,328.0,170.0
04SEP2026 07:30:00,7.5,986.731,4.233,328.0,170.0
04SEP2026 07:31:00,7.5168,982.866,4.244,328.0,170.0
04SEP2026 07:32:00,7.5336,979.044,4.256,328.0,170.0
04SEP2026 07:33:00,7.5504,975.268,4.268,328.0,170.0
04SEP2026 07:34:00,7.567200000000001,971.535,4.28,328.0,170.0
04SEP2026 07:35:00,7.584,967.861,4.292,328.0,170.0
04SEP2026 07:36:00,7.6008,964.219,4.305,328.0,170.0
04SEP2026 07:37:00,7.6176,960.635,4.318,328.0,170.0
04SEP2026 07:38:00,7.634399999999999,957.096,4.331,328.0,170.0
04SEP2026 07:39:00,7.651199999999999,953.603,4.345,328.0,170.0
04SEP2026 07:40:00,7.6656,950.146,4.359,328.0,170.0
04SEP2026 07:41:00,7.6823999999999995,946.747,4.373,328.0,170.0
04SEP2026 07:42:00,7.699199999999999,943.395,4.388,328.0,170.0
04SEP2026 07:43:00,7.716,940.09,4.403,328.0,170.0
04SEP2026 07:44:00,7.732799999999999,936.834,4.418,328.0,170.0
04SEP2026 07:45:00,7.749600000000001,933.626,4.433,328.0,170.0
04SEP2026 07:46:00,7.7664,930.468,4.449,328.0,170.0
04SEP2026 07:47:00,7.783199999999999,927.36,4.465,328.0,170.0
04SEP2026 07:48:00,7.800000000000001,924.304,4.482,328.0,170.0
04SEP2026 07:49:00,7.8168,921.299,4.499,328.0,170.0
04SEP2026 07:50:00,7.833600000000001,918.346,4.516,328.0,170.0
04SEP2026 07:51:00,7.8504000000000005,915.448,4.534,328.0,170.0
04SEP2026 07:52:00,7.8671999999999995,912.606,4.552,328.0,170.0
04SEP2026 07:53:00,7.884,909.81,4.571,328.0,170.0
04SEP2026 07:54:00,7.9008,907.083,4.59,328.0,170.0
04SEP2026 07:55:00,7.9176,904.408,4.609,328.0,170.0
04SEP2026 07:56:00,7.9344,901.796,4.63,328.0,170.0
04SEP2026 07:57:00,7.9512,899.251,4.65,328.0,170.0
04SEP2026 07:58:00,7.965599999999999,896.777,4.671,328.0,170.0
04SEP2026 07:59:00,7.9824,894.379,4.693,328.0,170.0
04SEP2026 08:00:00,7.9992,892.056,4.716,328.0,170.0
